"","ID","code","Nombre","Longitud","Latitud","Categoria","Descripcion"
"1","34567748",2528,NA,-98.1892045872263,19.0924700669101,"greengrocer","A shop selling fruit and vegetables"
"2","34567750",2528,NA,-98.1887488892156,19.0918121107002,"greengrocer","A shop selling fruit and vegetables"
"3","34567755",2528,NA,-98.18817680488,19.0912621368719,"greengrocer","A shop selling fruit and vegetables"
"4","34567759",2528,NA,-98.1877116903181,19.0905283906028,"greengrocer","A shop selling fruit and vegetables"
"5","34567775",2528,NA,-98.1871098650559,19.0900036159418,"greengrocer","A shop selling fruit and vegetables"
"6","107638494",2528,NA,-98.1867391354666,19.0918270666808,"greengrocer","A shop selling fruit and vegetables"
"7","111544723",2528,NA,-98.1903422886352,19.0898197947708,"greengrocer","A shop selling fruit and vegetables"
"8","111544761",2528,NA,-98.1917432101876,19.0904968316758,"greengrocer","A shop selling fruit and vegetables"
"9","166079930",2528,NA,-99.871502108506,18.3672612657267,"greengrocer","A shop selling fruit and vegetables"
"10","180652379",2528,NA,-101.614765032941,19.5363135492442,"greengrocer","A shop selling fruit and vegetables"
"11","309098575",2528,"Frutería Mirador",-100.404972846917,20.6467964711012,"greengrocer","A shop selling fruit and vegetables"
"12","320147706",2528,"Mercado de Abastos",-100.806433263123,20.5107054539443,"greengrocer","A shop selling fruit and vegetables"
"13","320147708",2528,"Mercado de Abastos",-100.806425659382,20.5129488789299,"greengrocer","A shop selling fruit and vegetables"
"14","322784779",2528,"La Frutería",-96.71841575,17.081383,"greengrocer","A shop selling fruit and vegetables"
"15","338026665",2528,"Frutería Local",-99.2205801881062,18.8755493101892,"greengrocer","A shop selling fruit and vegetables"
"16","441086358",2528,"Frutería Sinaloa",-113.533444553932,31.3111069989376,"greengrocer","A shop selling fruit and vegetables"
"17","494467060",2528,NA,-99.5520193576228,19.2143367511342,"greengrocer","A shop selling fruit and vegetables"
"18","543691540",2528,"El Rosal 2",-104.317623175604,24.4014658436271,"greengrocer","A shop selling fruit and vegetables"
"19","544664862",2528,"Fruteria El Mercadito",-101.53768864131,20.4441857211927,"greengrocer","A shop selling fruit and vegetables"
"20","545112890",2528,NA,-99.05309985,19.68734555,"greengrocer","A shop selling fruit and vegetables"
"21","545635894",2528,NA,-99.0541695,19.68835895,"greengrocer","A shop selling fruit and vegetables"
"22","551295757",2528,NA,-100.967525438055,25.4419819220008,"greengrocer","A shop selling fruit and vegetables"
"23","555658462",2528,"Fruteria Nuevo Mundo",-101.40558198552,26.8927270281719,"greengrocer","A shop selling fruit and vegetables"
"24","556002403",2528,"Frutería El Cañaveral",-116.924078063213,32.4861286279248,"greengrocer","A shop selling fruit and vegetables"
"25","561390706",2528,NA,-99.0605519805797,19.4931597919516,"greengrocer","A shop selling fruit and vegetables"
"26","603472399",2528,NA,-101.194880493416,19.6571689147885,"greengrocer","A shop selling fruit and vegetables"
"27","621049776",2528,"Frutería Zárate",-103.735091485537,19.2861395458659,"greengrocer","A shop selling fruit and vegetables"
"28","1288264871",2528,"Frutas",-99.0082103,19.5899869,"greengrocer","A shop selling fruit and vegetables"
"29","1340443187",2528,"La Milpa",-101.0020065,25.4238491,"greengrocer","A shop selling fruit and vegetables"
"30","1677829795",2528,NA,-99.1247959,19.4706504,"greengrocer","A shop selling fruit and vegetables"
"31","1685298799",2528,"Frutas y Jugos",-103.4657222,20.6264654,"greengrocer","A shop selling fruit and vegetables"
"32","1696749107",2528,NA,-103.2864898,20.6597164,"greengrocer","A shop selling fruit and vegetables"
"33","1798885073",2528,"Frutería Hda Las margaritas",-100.1578905,25.7097943,"greengrocer","A shop selling fruit and vegetables"
"34","1862238208",2528,"Soymart",-109.4431277,27.0714861,"greengrocer","A shop selling fruit and vegetables"
"35","1901529147",2528,"fruteria selecta",-116.6035706,32.562607,"greengrocer","A shop selling fruit and vegetables"
"36","1918754786",2528,NA,-101.0014516,25.4245611,"greengrocer","A shop selling fruit and vegetables"
"37","1918754795",2528,NA,-101.0012317,25.4249148,"greengrocer","A shop selling fruit and vegetables"
"38","2080386796",2528,NA,-116.6562598,31.973027,"greengrocer","A shop selling fruit and vegetables"
"39","2083983899",2528,"The Market",-109.9131932,22.8805768,"greengrocer","A shop selling fruit and vegetables"
"40","2099167592",2528,NA,-101.5558798,17.6421386,"greengrocer","A shop selling fruit and vegetables"
"41","2134814580",2528,NA,-86.8999985,20.8564195,"greengrocer","A shop selling fruit and vegetables"
"42","2138638737",2528,"Fritería y Verdulería",-99.1808223,19.4652372,"greengrocer","A shop selling fruit and vegetables"
"43","2297752434",2528,NA,-96.9135971,19.5364225,"greengrocer","A shop selling fruit and vegetables"
"44","2374444169",2528,"Central de Abastos",-100.8063332,20.5106459,"greengrocer","A shop selling fruit and vegetables"
"45","2374444175",2528,"Central de Abastos",-100.8072048,20.5123341,"greengrocer","A shop selling fruit and vegetables"
"46","2394364719",2528,NA,-102.2200951,19.1454737,"greengrocer","A shop selling fruit and vegetables"
"47","2394478635",2528,NA,-102.2262025,19.1464923,"greengrocer","A shop selling fruit and vegetables"
"48","2418970664",2528,"Recaudería",-96.8534796,19.4963896,"greengrocer","A shop selling fruit and vegetables"
"49","2444918597",2528,"Fruteria Estephany",-106.5149164,30.6138548,"greengrocer","A shop selling fruit and vegetables"
"50","2481896316",2528,NA,-100.4025314,20.6599516,"greengrocer","A shop selling fruit and vegetables"
"51","2481896334",2528,NA,-100.4061853,20.6609804,"greengrocer","A shop selling fruit and vegetables"
"52","2484045989",2528,NA,-100.4006393,20.6524196,"greengrocer","A shop selling fruit and vegetables"
"53","2484479285",2528,NA,-100.3940502,20.6513398,"greengrocer","A shop selling fruit and vegetables"
"54","2584065680",2528,NA,-93.2173232,16.8504904,"greengrocer","A shop selling fruit and vegetables"
"55","2629105957",2528,NA,-100.395186,20.6270027,"greengrocer","A shop selling fruit and vegetables"
"56","2629105979",2528,NA,-100.3951739,20.6276749,"greengrocer","A shop selling fruit and vegetables"
"57","2652414307",2528,NA,-100.4064221,20.6290011,"greengrocer","A shop selling fruit and vegetables"
"58","2652641643",2528,NA,-100.3993247,20.6086538,"greengrocer","A shop selling fruit and vegetables"
"59","2652641943",2528,NA,-100.3967184,20.6070554,"greengrocer","A shop selling fruit and vegetables"
"60","2653001855",2528,NA,-100.3993495,20.6073481,"greengrocer","A shop selling fruit and vegetables"
"61","2664256609",2528,NA,-100.3955373,20.6283753,"greengrocer","A shop selling fruit and vegetables"
"62","2664256631",2528,NA,-100.3983785,20.6327389,"greengrocer","A shop selling fruit and vegetables"
"63","2664256725",2528,NA,-100.3957062,20.6299476,"greengrocer","A shop selling fruit and vegetables"
"64","2664256774",2528,NA,-100.3954355,20.6317662,"greengrocer","A shop selling fruit and vegetables"
"65","2689305250",2528,NA,-99.1196369,23.7615761,"greengrocer","A shop selling fruit and vegetables"
"66","2753099782",2528,NA,-96.5186661,15.6637843,"greengrocer","A shop selling fruit and vegetables"
"67","2754535544",2528,NA,-96.5190844,15.665961,"greengrocer","A shop selling fruit and vegetables"
"68","2768901678",2528,NA,-98.3187414,19.0294781,"greengrocer","A shop selling fruit and vegetables"
"69","2907637859",2528,NA,-100.2636169,20.700993,"greengrocer","A shop selling fruit and vegetables"
"70","2907637900",2528,NA,-100.2647511,20.7018991,"greengrocer","A shop selling fruit and vegetables"
"71","2911975427",2528,NA,-100.3918116,20.6232232,"greengrocer","A shop selling fruit and vegetables"
"72","2918128247",2528,NA,-100.4095465,20.6302382,"greengrocer","A shop selling fruit and vegetables"
"73","2933530934",2528,NA,-100.4007418,20.6365968,"greengrocer","A shop selling fruit and vegetables"
"74","2933530977",2528,NA,-100.4010773,20.6344233,"greengrocer","A shop selling fruit and vegetables"
"75","2933531040",2528,NA,-100.4005884,20.6376972,"greengrocer","A shop selling fruit and vegetables"
"76","2933531099",2528,NA,-100.4005525,20.6388284,"greengrocer","A shop selling fruit and vegetables"
"77","2933531142",2528,NA,-100.4010026,20.6396094,"greengrocer","A shop selling fruit and vegetables"
"78","2933625967",2528,NA,-100.3954724,20.6341928,"greengrocer","A shop selling fruit and vegetables"
"79","3094743834",2528,"Frutería Diana",-100.4003686,20.6385476,"greengrocer","A shop selling fruit and vegetables"
"80","3140472522",2528,NA,-100.3970751,20.6037224,"greengrocer","A shop selling fruit and vegetables"
"81","3149507304",2528,NA,-100.3958334,20.6032405,"greengrocer","A shop selling fruit and vegetables"
"82","3149507305",2528,NA,-100.3959571,20.6032848,"greengrocer","A shop selling fruit and vegetables"
"83","3149507309",2528,NA,-100.395863,20.6034407,"greengrocer","A shop selling fruit and vegetables"
"84","3149507313",2528,NA,-100.3957323,20.6036785,"greengrocer","A shop selling fruit and vegetables"
"85","3164138517",2528,NA,-99.1868782,19.2844229,"greengrocer","A shop selling fruit and vegetables"
"86","3216088119",2528,NA,-100.3845867,20.5905583,"greengrocer","A shop selling fruit and vegetables"
"87","3216661628",2528,NA,-100.4075195,20.6241333,"greengrocer","A shop selling fruit and vegetables"
"88","3218135363",2528,"Camacho",-100.4125657,20.6277623,"greengrocer","A shop selling fruit and vegetables"
"89","3218135368",2528,"Maldonado",-100.4128921,20.6277814,"greengrocer","A shop selling fruit and vegetables"
"90","3218271885",2528,NA,-100.4181617,20.630482,"greengrocer","A shop selling fruit and vegetables"
"91","3218334780",2528,NA,-100.417296,20.6266911,"greengrocer","A shop selling fruit and vegetables"
"92","3218906211",2528,NA,-100.3954647,20.6037755,"greengrocer","A shop selling fruit and vegetables"
"93","3222061508",2528,NA,-100.3810824,20.5893459,"greengrocer","A shop selling fruit and vegetables"
"94","3222061514",2528,NA,-100.3803455,20.5891702,"greengrocer","A shop selling fruit and vegetables"
"95","3224424162",2528,"El Texanito",-96.7160431,17.0611282,"greengrocer","A shop selling fruit and vegetables"
"96","3245732976",2528,"Frutería La Mexicana",-102.1914942,17.9590133,"greengrocer","A shop selling fruit and vegetables"
"97","3250370053",2528,NA,-100.8067202,20.5119697,"greengrocer","A shop selling fruit and vegetables"
"98","3250370055",2528,NA,-100.8070797,20.5119019,"greengrocer","A shop selling fruit and vegetables"
"99","3250370056",2528,NA,-100.8074579,20.5117888,"greengrocer","A shop selling fruit and vegetables"
"100","3250370057",2528,NA,-100.8078307,20.5117461,"greengrocer","A shop selling fruit and vegetables"
"101","3250370061",2528,NA,-100.8059183,20.5140322,"greengrocer","A shop selling fruit and vegetables"
"102","3250370062",2528,NA,-100.8064091,20.5120727,"greengrocer","A shop selling fruit and vegetables"
"103","3250370065",2528,NA,-100.8051699,20.5151249,"greengrocer","A shop selling fruit and vegetables"
"104","3250370066",2528,NA,-100.8061489,20.5123541,"greengrocer","A shop selling fruit and vegetables"
"105","3250373281",2528,NA,-100.8054784,20.5104021,"greengrocer","A shop selling fruit and vegetables"
"106","3250373283",2528,NA,-100.8062804,20.5102438,"greengrocer","A shop selling fruit and vegetables"
"107","3250373285",2528,NA,-100.8064681,20.5111055,"greengrocer","A shop selling fruit and vegetables"
"108","3266474598",2528,NA,-100.8117074,20.520643,"greengrocer","A shop selling fruit and vegetables"
"109","3295141997",2528,NA,-100.4074275,20.5869367,"greengrocer","A shop selling fruit and vegetables"
"110","3295234209",2528,NA,-100.4095591,20.5864263,"greengrocer","A shop selling fruit and vegetables"
"111","3297169342",2528,NA,-100.4142717,20.5709899,"greengrocer","A shop selling fruit and vegetables"
"112","3297763600",2528,NA,-100.4124597,20.5693764,"greengrocer","A shop selling fruit and vegetables"
"113","3356039510",2528,NA,-111.0173498,29.1422449,"greengrocer","A shop selling fruit and vegetables"
"114","3430945591",2528,"El Paraíso",-100.3970488,20.557531,"greengrocer","A shop selling fruit and vegetables"
"115","3430945606",2528,NA,-100.3977998,20.5589765,"greengrocer","A shop selling fruit and vegetables"
"116","3430945914",2528,NA,-100.3938495,20.5513213,"greengrocer","A shop selling fruit and vegetables"
"117","3430946389",2528,NA,-100.3964461,20.556342,"greengrocer","A shop selling fruit and vegetables"
"118","3430946920",2528,NA,-100.4006476,20.565201,"greengrocer","A shop selling fruit and vegetables"
"119","3493034134",2528,"Frutería y verdulería",-99.178682,19.2909945,"greengrocer","A shop selling fruit and vegetables"
"120","3511575929",2528,NA,-100.2396777,20.6662918,"greengrocer","A shop selling fruit and vegetables"
"121","3524069411",2528,NA,-100.3997819,20.5413055,"greengrocer","A shop selling fruit and vegetables"
"122","3528892255",2528,"Frutería El Pital",-96.9240036,19.5316579,"greengrocer","A shop selling fruit and vegetables"
"123","3592247829",2528,NA,-100.3991824,20.6269797,"greengrocer","A shop selling fruit and vegetables"
"124","3607904114",2528,"Doña Jose Moles y Salsas",-96.8726628,19.6540415,"greengrocer","A shop selling fruit and vegetables"
"125","3618754122",2528,NA,-96.9383398,19.529127,"greengrocer","A shop selling fruit and vegetables"
"126","3618754126",2528,NA,-96.9381787,19.5291314,"greengrocer","A shop selling fruit and vegetables"
"127","3631836634",2528,NA,-100.4197068,20.5802033,"greengrocer","A shop selling fruit and vegetables"
"128","3641601025",2528,NA,-100.4190944,20.587602,"greengrocer","A shop selling fruit and vegetables"
"129","3672593610",2528,"Frutería",-97.0053363,19.4208006,"greengrocer","A shop selling fruit and vegetables"
"130","3674254202",2528,"Paulín",-100.7386005,21.800103,"greengrocer","A shop selling fruit and vegetables"
"131","3686999340",2528,NA,-101.1799793,20.1380332,"greengrocer","A shop selling fruit and vegetables"
"132","3687211625",2528,"Amancio",-96.7171331,17.075541,"greengrocer","A shop selling fruit and vegetables"
"133","3694551153",2528,NA,-100.4592816,20.6537066,"greengrocer","A shop selling fruit and vegetables"
"134","3704761891",2528,NA,-100.5006288,25.6940195,"greengrocer","A shop selling fruit and vegetables"
"135","3704761894",2528,NA,-100.4937896,25.6939057,"greengrocer","A shop selling fruit and vegetables"
"136","3718753743",2528,"Frutería",-96.8545611,19.4965259,"greengrocer","A shop selling fruit and vegetables"
"137","3725501353",2528,NA,-100.4707253,20.6200191,"greengrocer","A shop selling fruit and vegetables"
"138","3728546948",2528,NA,-100.4682762,20.6316918,"greengrocer","A shop selling fruit and vegetables"
"139","3739635374",2528,"Frutas y Verduras Poncho",-103.2630866,20.6570519,"greengrocer","A shop selling fruit and vegetables"
"140","3739790331",2528,NA,-100.3741707,20.613436,"greengrocer","A shop selling fruit and vegetables"
"141","3750094511",2528,NA,-99.247571,19.307332,"greengrocer","A shop selling fruit and vegetables"
"142","3750094521",2528,NA,-99.2478553,19.3071041,"greengrocer","A shop selling fruit and vegetables"
"143","3750100447",2528,NA,-99.2489742,19.309497,"greengrocer","A shop selling fruit and vegetables"
"144","3779147453",2528,"Ensaladas",-99.1509191,19.399991,"greengrocer","A shop selling fruit and vegetables"
"145","3779351855",2528,"Tienda Naturista",-99.1526878,19.3984059,"greengrocer","A shop selling fruit and vegetables"
"146","3779674982",2528,NA,-99.161468,19.311757,"greengrocer","A shop selling fruit and vegetables"
"147","3789608511",2528,NA,-99.150797,19.3962012,"greengrocer","A shop selling fruit and vegetables"
"148","3789674502",2528,NA,-99.1546452,19.3901018,"greengrocer","A shop selling fruit and vegetables"
"149","3824987183",2528,NA,-96.7756239,16.8775028,"greengrocer","A shop selling fruit and vegetables"
"150","3849719863",2528,NA,-99.1895987,19.3795226,"greengrocer","A shop selling fruit and vegetables"
"151","3877388966",2528,"Frutería ""La Bendición de Dios""",-88.1911888,20.6962951,"greengrocer","A shop selling fruit and vegetables"
"152","3877388967",2528,"Frutería ""La Guadalupana""",-88.1942816,20.6931076,"greengrocer","A shop selling fruit and vegetables"
"153","3882156759",2528,NA,-100.5262615,20.539454,"greengrocer","A shop selling fruit and vegetables"
"154","3913932040",2528,"Frutería y aguacates Tancítaro",-102.2175597,17.9633075,"greengrocer","A shop selling fruit and vegetables"
"155","3924352704",2528,NA,-96.8730909,19.6543756,"greengrocer","A shop selling fruit and vegetables"
"156","3931071135",2528,NA,-100.385516,20.5473114,"greengrocer","A shop selling fruit and vegetables"
"157","3944471864",2528,"La Central Chiles Secos y Semillas",-96.8547968,19.5140325,"greengrocer","A shop selling fruit and vegetables"
"158","3946313369",2528,NA,-100.4300971,20.6041624,"greengrocer","A shop selling fruit and vegetables"
"159","4030231540",2528,NA,-99.6675113,19.2814001,"greengrocer","A shop selling fruit and vegetables"
"160","4030254915",2528,"San Cristobal",-99.7448441,19.271788,"greengrocer","A shop selling fruit and vegetables"
"161","4030254919",2528,"La Providencia",-99.7449117,19.2709984,"greengrocer","A shop selling fruit and vegetables"
"162","4083707150",2528,"Frutería Baja California",-99.1457279,19.361848,"greengrocer","A shop selling fruit and vegetables"
"163","4087304792",2528,"Frutas Baca",-105.2299289,20.6046246,"greengrocer","A shop selling fruit and vegetables"
"164","4087304816",2528,"Fruteria Rosy",-105.2298878,20.6045317,"greengrocer","A shop selling fruit and vegetables"
"165","4087304841",2528,"Fruteria California",-105.22972,20.6046176,"greengrocer","A shop selling fruit and vegetables"
"166","4109095196",2528,"Mercado La Purísima",-97.3850771,18.4582354,"greengrocer","A shop selling fruit and vegetables"
"167","4111790489",2528,"Xochipilli",-97.3957729,18.4499324,"greengrocer","A shop selling fruit and vegetables"
"168","4184543398",2528,"Frutería",-88.1955953,20.6919039,"greengrocer","A shop selling fruit and vegetables"
"169","4187884531",2528,"Frutería Dany",-100.4716628,20.6191394,"greengrocer","A shop selling fruit and vegetables"
"170","4187884563",2528,NA,-100.4669556,20.6191143,"greengrocer","A shop selling fruit and vegetables"
"171","4187884573",2528,NA,-100.4662756,20.6201047,"greengrocer","A shop selling fruit and vegetables"
"172","4198784690",2528,NA,-100.4026235,20.5429297,"greengrocer","A shop selling fruit and vegetables"
"173","4199463177",2528,NA,-104.8908321,21.5235689,"greengrocer","A shop selling fruit and vegetables"
"174","4200405795",2528,"Frutas y Verduras La Nueva Joya",-100.3948256,20.6032777,"greengrocer","A shop selling fruit and vegetables"
"175","4210177777",2528,"El Arbolito",-102.289494,21.8805836,"greengrocer","A shop selling fruit and vegetables"
"176","4211580890",2528,"Surtidora Gato",-102.2230887,17.986943,"greengrocer","A shop selling fruit and vegetables"
"177","4216607191",2528,"La Güera",-100.4072503,20.6222079,"greengrocer","A shop selling fruit and vegetables"
"178","4219541778",2528,"Chavelita",-99.6042228,19.2522433,"greengrocer","A shop selling fruit and vegetables"
"179","4219682873",2528,NA,-100.5173414,20.4973283,"greengrocer","A shop selling fruit and vegetables"
"180","4219699154",2528,NA,-100.5179753,20.4976643,"greengrocer","A shop selling fruit and vegetables"
"181","4219778391",2528,NA,-100.5416964,20.5133608,"greengrocer","A shop selling fruit and vegetables"
"182","4222395739",2528,"Frutas y Verduras ""San Isidro""",-88.1876074,20.7035572,"greengrocer","A shop selling fruit and vegetables"
"183","4222395740",2528,"Frutería ""El Mercadito""",-88.1903739,20.7057326,"greengrocer","A shop selling fruit and vegetables"
"184","4226158239",2528,"La Providencia",-99.6058069,19.2516603,"greengrocer","A shop selling fruit and vegetables"
"185","4251110491",2528,NA,-100.3921954,20.558894,"greengrocer","A shop selling fruit and vegetables"
"186","4257831417",2528,"Graciela y Chente",-89.6791369,20.9511657,"greengrocer","A shop selling fruit and vegetables"
"187","4337929089",2528,"Frutería Esperanza",-99.1964154,19.4308447,"greengrocer","A shop selling fruit and vegetables"
"188","4355939089",2528,NA,-100.4048689,20.5429338,"greengrocer","A shop selling fruit and vegetables"
"189","4363219493",2528,NA,-100.4122467,20.5527267,"greengrocer","A shop selling fruit and vegetables"
"190","4363297390",2528,NA,-100.4140421,20.5500444,"greengrocer","A shop selling fruit and vegetables"
"191","4386349790",2528,"el campo",-91.7658677,17.742373,"greengrocer","A shop selling fruit and vegetables"
"192","4387031994",2528,"el centro",-91.7656059,17.7417251,"greengrocer","A shop selling fruit and vegetables"
"193","4392117393",2528,"la canasta",-91.7652402,17.7404703,"greengrocer","A shop selling fruit and vegetables"
"194","4393011789",2528,"garlic ziur mx ajos & gourmet",-99.0903848,19.3735948,"greengrocer","A shop selling fruit and vegetables"
"195","4404946189",2528,"lauro",-100.2355285,25.6842448,"greengrocer","A shop selling fruit and vegetables"
"196","4407261490",2528,"Frutas y Legumbres Lolis",-100.39445,20.6033318,"greengrocer","A shop selling fruit and vegetables"
"197","4413616390",2528,NA,-100.2650957,20.3823681,"greengrocer","A shop selling fruit and vegetables"
"198","4415811489",2528,NA,-99.2330469,19.5289717,"greengrocer","A shop selling fruit and vegetables"
"199","4417669694",2528,NA,-99.2856027,19.4901102,"greengrocer","A shop selling fruit and vegetables"
"200","4426406193",2528,NA,-100.3924568,20.5716486,"greengrocer","A shop selling fruit and vegetables"
"201","4441579183",2528,"Don Chalo",-100.192071,26.5039929,"greengrocer","A shop selling fruit and vegetables"
"202","4457523597",2528,"Fruteria ""Claudia""",-97.8337128,22.1910134,"greengrocer","A shop selling fruit and vegetables"
"203","4458702212",2528,"Verduleria",-96.9057378,19.5452324,"greengrocer","A shop selling fruit and vegetables"
"204","4459130593",2528,NA,-99.6351658,19.3369158,"greengrocer","A shop selling fruit and vegetables"
"205","4459135592",2528,NA,-99.6337395,19.3371425,"greengrocer","A shop selling fruit and vegetables"
"206","4462735489",2528,"Frutería y Verdulería Israel",-99.1309318,19.2569171,"greengrocer","A shop selling fruit and vegetables"
"207","4470889892",2528,"Mercado Benito Juarez",-97.0742688,15.8699562,"greengrocer","A shop selling fruit and vegetables"
"208","4482061392",2528,"HERDEZ",-99.1287507,19.7481003,"greengrocer","A shop selling fruit and vegetables"
"209","4484727774",2528,"Verdulería y fruteria",-96.9264019,19.5214712,"greengrocer","A shop selling fruit and vegetables"
"210","4486297151",2528,"Frutería ""El Mercadito""",-88.2164695,20.6959735,"greengrocer","A shop selling fruit and vegetables"
"211","4487952495",2528,NA,-109.9473211,27.2625593,"greengrocer","A shop selling fruit and vegetables"
"212","4495636208",2528,"El Mono Verde",-97.6005221,20.8362462,"greengrocer","A shop selling fruit and vegetables"
"213","4497880840",2528,"Empacadora de Frutos Majestuosos",-97.6662213,20.8878402,"greengrocer","A shop selling fruit and vegetables"
"214","4497880843",2528,"Ultrafrutas de México",-97.6674122,20.8891533,"greengrocer","A shop selling fruit and vegetables"
"215","4509439272",2528,NA,-100.9919785,22.1772746,"greengrocer","A shop selling fruit and vegetables"
"216","4525501602",2528,"Fruteria 24 horas",-103.4124614,20.5928809,"greengrocer","A shop selling fruit and vegetables"
"217","4535242805",2528,"Aguas y elotes",-97.4801725,25.8365574,"greengrocer","A shop selling fruit and vegetables"
"218","4537303391",2528,"Aguas de la independencia",-97.4765095,25.8473529,"greengrocer","A shop selling fruit and vegetables"
"219","4585685494",2528,"Frutas y Legumbres de Morelos",-86.8992529,20.8539104,"greengrocer","A shop selling fruit and vegetables"
"220","4597091293",2528,"Abasto Popular",-101.0014085,25.3976882,"greengrocer","A shop selling fruit and vegetables"
"221","4624387092",2528,"Tortillería",-99.1947492,19.7484565,"greengrocer","A shop selling fruit and vegetables"
"222","4636411943",2528,"fruteria oceania",-100.9654393,25.4476979,"greengrocer","A shop selling fruit and vegetables"
"223","4646149972",2528,"frutas y verduras",-105.2885275,28.0329343,"greengrocer","A shop selling fruit and vegetables"
"224","4650404692",2528,"Frutería menchaca",-100.5471846,28.6739289,"greengrocer","A shop selling fruit and vegetables"
"225","4650449596",2528,"Frutería y carnicería San Juan",-100.8620553,28.3371251,"greengrocer","A shop selling fruit and vegetables"
"226","4650452889",2528,"Frutería el nacimiento",-100.5318301,28.7004046,"greengrocer","A shop selling fruit and vegetables"
"227","4668364389",2528,"Frutería Los 5 Hermanos",-88.2210247,20.6293392,"greengrocer","A shop selling fruit and vegetables"
"228","4684518590",2528,NA,-87.227434,20.5125015,"greengrocer","A shop selling fruit and vegetables"
"229","4687238520",2528,NA,-96.9107323,19.5333084,"greengrocer","A shop selling fruit and vegetables"
"230","4694058990",2528,"Frutería Lozano",-88.2003024,20.805487,"greengrocer","A shop selling fruit and vegetables"
"231","4694090595",2528,"Frutería San José",-88.2001339,20.8062707,"greengrocer","A shop selling fruit and vegetables"
"232","4719624327",2528,"Recauderia",-99.6497811,19.3008603,"greengrocer","A shop selling fruit and vegetables"
"233","4719681223",2528,"Frutería Victoria",-99.6494498,19.3035701,"greengrocer","A shop selling fruit and vegetables"
"234","4721137389",2528,"El chusqueado",-100.3872349,25.855369,"greengrocer","A shop selling fruit and vegetables"
"235","4731148421",2528,"mercado",-88.391385,18.6825875,"greengrocer","A shop selling fruit and vegetables"
"236","4732398322",2528,NA,-103.4374441,25.5373643,"greengrocer","A shop selling fruit and vegetables"
"237","4741757124",2528,NA,-103.4229946,25.4013381,"greengrocer","A shop selling fruit and vegetables"
"238","4741763321",2528,NA,-103.4240214,25.3989312,"greengrocer","A shop selling fruit and vegetables"
"239","4741763322",2528,NA,-103.4188163,25.401837,"greengrocer","A shop selling fruit and vegetables"
"240","4741763521",2528,NA,-103.416103,25.3982355,"greengrocer","A shop selling fruit and vegetables"
"241","4741885323",2528,NA,-103.4199934,25.4033626,"greengrocer","A shop selling fruit and vegetables"
"242","4741885422",2528,NA,-103.4216698,25.4008396,"greengrocer","A shop selling fruit and vegetables"
"243","4741898922",2528,NA,-103.4224187,25.4024306,"greengrocer","A shop selling fruit and vegetables"
"244","4741898930",2528,NA,-103.478244,25.3270886,"greengrocer","A shop selling fruit and vegetables"
"245","4741898931",2528,NA,-103.4770223,25.3252645,"greengrocer","A shop selling fruit and vegetables"
"246","4741898932",2528,NA,-103.5014341,25.2911039,"greengrocer","A shop selling fruit and vegetables"
"247","4741915122",2528,NA,-103.4228299,25.3964898,"greengrocer","A shop selling fruit and vegetables"
"248","4741915123",2528,NA,-103.416962,25.4013893,"greengrocer","A shop selling fruit and vegetables"
"249","4741915124",2528,NA,-103.4119772,25.4013754,"greengrocer","A shop selling fruit and vegetables"
"250","4741915125",2528,NA,-103.4136214,25.4017135,"greengrocer","A shop selling fruit and vegetables"
"251","4741915126",2528,NA,-103.4155185,25.3995875,"greengrocer","A shop selling fruit and vegetables"
"252","4741915127",2528,NA,-103.4225122,25.3983896,"greengrocer","A shop selling fruit and vegetables"
"253","4741916922",2528,NA,-103.42609,25.4012516,"greengrocer","A shop selling fruit and vegetables"
"254","4741916923",2528,NA,-103.4204654,25.398172,"greengrocer","A shop selling fruit and vegetables"
"255","4741916925",2528,NA,-103.4837208,25.3224879,"greengrocer","A shop selling fruit and vegetables"
"256","4741916926",2528,NA,-103.4786608,25.331604,"greengrocer","A shop selling fruit and vegetables"
"257","4741916927",2528,NA,-103.4780643,25.3226475,"greengrocer","A shop selling fruit and vegetables"
"258","4741916928",2528,NA,-103.4748843,25.3270371,"greengrocer","A shop selling fruit and vegetables"
"259","4741916929",2528,NA,-103.4753651,25.3253824,"greengrocer","A shop selling fruit and vegetables"
"260","4741916930",2528,NA,-103.5015388,25.2886454,"greengrocer","A shop selling fruit and vegetables"
"261","4741917023",2528,NA,-103.4273907,25.3977705,"greengrocer","A shop selling fruit and vegetables"
"262","4741917024",2528,NA,-103.4273486,25.3948661,"greengrocer","A shop selling fruit and vegetables"
"263","4741917025",2528,NA,-103.4198386,25.3994404,"greengrocer","A shop selling fruit and vegetables"
"264","4741917026",2528,NA,-103.4185801,25.3999527,"greengrocer","A shop selling fruit and vegetables"
"265","4741917027",2528,NA,-103.4253528,25.3972247,"greengrocer","A shop selling fruit and vegetables"
"266","4741917028",2528,NA,-103.4253711,25.4000237,"greengrocer","A shop selling fruit and vegetables"
"267","4741917029",2528,NA,-103.424584,25.4016509,"greengrocer","A shop selling fruit and vegetables"
"268","4741917030",2528,NA,-103.4179544,25.4048406,"greengrocer","A shop selling fruit and vegetables"
"269","4741922521",2528,NA,-103.4181399,25.4030143,"greengrocer","A shop selling fruit and vegetables"
"270","4741922523",2528,NA,-103.48523,25.325367,"greengrocer","A shop selling fruit and vegetables"
"271","4741948621",2528,NA,-103.4860132,25.323352,"greengrocer","A shop selling fruit and vegetables"
"272","4741948921",2528,NA,-103.4828296,25.3256453,"greengrocer","A shop selling fruit and vegetables"
"273","4741948923",2528,NA,-103.4799819,25.3287465,"greengrocer","A shop selling fruit and vegetables"
"274","4741948924",2528,NA,-103.47787,25.3288748,"greengrocer","A shop selling fruit and vegetables"
"275","4747205238",2528,NA,-99.6454609,19.3112623,"greengrocer","A shop selling fruit and vegetables"
"276","4749209644",2528,"Recaudería Geronimo",-99.6678584,19.2912556,"greengrocer","A shop selling fruit and vegetables"
"277","4790848221",2528,"Promotora Agrícola El Toro",-114.8568542,32.6103636,"greengrocer","A shop selling fruit and vegetables"
"278","4803875533",2528,"Frutas y Verduras Angélica",-89.6124164,20.9448662,"greengrocer","A shop selling fruit and vegetables"
"279","4808659760",2528,"Frutería La Jarochita",-89.6022731,21.0087287,"greengrocer","A shop selling fruit and vegetables"
"280","4820900400",2528,"Sanifrut",-98.1885898,19.0919509,"greengrocer","A shop selling fruit and vegetables"
"281","4842946621",2528,NA,-101.2301398,19.673421,"greengrocer","A shop selling fruit and vegetables"
"282","4846122693",2528,"Velazquez",-99.7586218,19.3707567,"greengrocer","A shop selling fruit and vegetables"
"283","4846191352",2528,"Recauderia Mani",-99.7581256,19.3708301,"greengrocer","A shop selling fruit and vegetables"
"284","4846191353",2528,"Recauderia Sanchez",-99.7578601,19.3708073,"greengrocer","A shop selling fruit and vegetables"
"285","4862108412",2528,"Verduleria",-99.6301829,19.2114601,"greengrocer","A shop selling fruit and vegetables"
"286","4862109330",2528,NA,-99.6310533,19.2116817,"greengrocer","A shop selling fruit and vegetables"
"287","4870057385",2528,"Edith",-99.6516864,19.2947637,"greengrocer","A shop selling fruit and vegetables"
"288","4872603822",2528,"Verdulería Sofi",-88.2174702,20.6974982,"greengrocer","A shop selling fruit and vegetables"
"289","4874473576",2528,NA,-99.6471794,19.2901032,"greengrocer","A shop selling fruit and vegetables"
"290","4876859357",2528,"Mi Verde Morada",-99.1548831,19.4524483,"greengrocer","A shop selling fruit and vegetables"
"291","4893955702",2528,"Frutas y Verduras",-103.7322582,19.260034,"greengrocer","A shop selling fruit and vegetables"
"292","4896209824",2528,"Frutería",-88.1443934,20.8929669,"greengrocer","A shop selling fruit and vegetables"
"293","4917307498",2528,"Recauderia Ramirez",-99.6524531,19.3159414,"greengrocer","A shop selling fruit and vegetables"
"294","4919696022",2528,NA,-99.1468624,19.3395216,"greengrocer","A shop selling fruit and vegetables"
"295","4919782119",2528,"Recaudería Reforma",-99.6562399,19.3141623,"greengrocer","A shop selling fruit and vegetables"
"296","4971416521",2528,"Don Gabi",-99.190921,19.377756,"greengrocer","A shop selling fruit and vegetables"
"297","4987024723",2528,NA,-99.1697326,19.4237496,"greengrocer","A shop selling fruit and vegetables"
"298","4987033722",2528,NA,-99.1690839,19.4240265,"greengrocer","A shop selling fruit and vegetables"
"299","5022529721",2528,"Fruteria El huerto",-88.9231444,20.1261772,"greengrocer","A shop selling fruit and vegetables"
"300","5025197324",2528,"Fruteria la huerta",-89.3512288,20.2666417,"greengrocer","A shop selling fruit and vegetables"
"301","5025220421",2528,NA,-89.4186067,20.303349,"greengrocer","A shop selling fruit and vegetables"
"302","5026722240",2528,NA,-99.4534828,19.2750921,"greengrocer","A shop selling fruit and vegetables"
"303","5029866121",2528,"Mercado central",-89.4190491,20.3035563,"greengrocer","A shop selling fruit and vegetables"
"304","5033151924",2528,NA,-89.7439772,20.0053167,"greengrocer","A shop selling fruit and vegetables"
"305","5033186322",2528,"Fruteria flor",-89.8455422,19.7442734,"greengrocer","A shop selling fruit and vegetables"
"306","5037900730",2528,"Pollería Gallo",-99.1612811,19.3451689,"greengrocer","A shop selling fruit and vegetables"
"307","5041861222",2528,"Frutas y legumbres Los Socios",-90.7262066,19.3383117,"greengrocer","A shop selling fruit and vegetables"
"308","5045514633",2528,NA,-87.4688722,20.2090616,"greengrocer","A shop selling fruit and vegetables"
"309","5060518577",2528,NA,-96.9658991,19.4601268,"greengrocer","A shop selling fruit and vegetables"
"310","5064454523",2528,NA,-88.3910716,18.6783794,"greengrocer","A shop selling fruit and vegetables"
"311","5069291026",2528,NA,-96.7768456,17.0291265,"greengrocer","A shop selling fruit and vegetables"
"312","5069291930",2528,NA,-96.7493421,17.019582,"greengrocer","A shop selling fruit and vegetables"
"313","5069473943",2528,"Frutas y Verduras Salas Luna",-96.9225048,19.5328083,"greengrocer","A shop selling fruit and vegetables"
"314","5070487139",2528,NA,-96.5979629,17.0273705,"greengrocer","A shop selling fruit and vegetables"
"315","5076428438",2528,NA,-98.279953,19.0762014,"greengrocer","A shop selling fruit and vegetables"
"316","5080225622",2528,"Juquita",-92.6326969,16.7377658,"greengrocer","A shop selling fruit and vegetables"
"317","5141396827",2528,"Frutas y verduras Lolin",-101.2371675,19.6461541,"greengrocer","A shop selling fruit and vegetables"
"318","5208673530",2528,"Frutas y Verduras San Pedro",-102.0702801,19.4164732,"greengrocer","A shop selling fruit and vegetables"
"319","5211216723",2528,NA,-99.6412058,19.3113498,"greengrocer","A shop selling fruit and vegetables"
"320","5256659922",2528,"Frutas y Verduras la Verduleria",-97.0426597,15.8382333,"greengrocer","A shop selling fruit and vegetables"
"321","5319401033",2528,"Saraí",-100.7339329,28.2256862,"greengrocer","A shop selling fruit and vegetables"
"322","5325167515",2528,NA,-99.0842998,19.4178018,"greengrocer","A shop selling fruit and vegetables"
"323","5326327421",2528,"La Milpa",-101.0000628,25.3922401,"greengrocer","A shop selling fruit and vegetables"
"324","5329930323",2528,"mary",-103.346561,20.6099629,"greengrocer","A shop selling fruit and vegetables"
"325","5336100529",2528,"Frutería El Tiangüis",-101.3901635,20.1065037,"greengrocer","A shop selling fruit and vegetables"
"326","5341148814",2528,"Fruteria Santiago",-99.943084,20.3782908,"greengrocer","A shop selling fruit and vegetables"
"327","5341240774",2528,NA,-99.8257571,16.9065467,"greengrocer","A shop selling fruit and vegetables"
"328","5341691777",2528,"Elotes El Grande",-101.411233,26.9092985,"greengrocer","A shop selling fruit and vegetables"
"329","5344336478",2528,NA,-107.3732199,24.7745531,"greengrocer","A shop selling fruit and vegetables"
"330","5349836874",2528,"verduleria lazaro",-99.0236422,18.9314395,"greengrocer","A shop selling fruit and vegetables"
"331","5355815122",2528,"Verduleria",-99.0845137,19.4159889,"greengrocer","A shop selling fruit and vegetables"
"332","5368282923",2528,NA,-87.0782753,20.6255588,"greengrocer","A shop selling fruit and vegetables"
"333","5376808022",2528,"Frutas y verduras Nena",-115.4983575,32.6539442,"greengrocer","A shop selling fruit and vegetables"
"334","5411292022",2528,"Verde Puerto",-97.0753888,15.8618854,"greengrocer","A shop selling fruit and vegetables"
"335","5428106459",2528,NA,-99.0162774,21.9779452,"greengrocer","A shop selling fruit and vegetables"
"336","5453577176",2528,"Frutería",-92.9137767,17.9769888,"greengrocer","A shop selling fruit and vegetables"
"337","5463201492",2528,"Frutas y Verduras Mary",-100.6186988,20.4577987,"greengrocer","A shop selling fruit and vegetables"
"338","5463201495",2528,"Frutas y Verduras La Toronja",-100.6181063,20.4585641,"greengrocer","A shop selling fruit and vegetables"
"339","5470400858",2528,NA,-100.4145402,20.6373979,"greengrocer","A shop selling fruit and vegetables"
"340","5509017036",2528,"Tienda De Frutas",-99.1355574,19.4276062,"greengrocer","A shop selling fruit and vegetables"
"341","5614407124",2528,"mercadito matamoros",-97.5059963,25.8700885,"greengrocer","A shop selling fruit and vegetables"
"342","5676490927",2528,NA,-94.4336447,16.4980818,"greengrocer","A shop selling fruit and vegetables"
"343","5716298864",2528,"Frutería Don Juanito",-88.1910248,20.6853286,"greengrocer","A shop selling fruit and vegetables"
"344","5739589952",2528,NA,-99.1176541,18.6840578,"greengrocer","A shop selling fruit and vegetables"
"345","5739589959",2528,NA,-99.1183593,18.6841586,"greengrocer","A shop selling fruit and vegetables"
"346","5759542831",2528,NA,-101.2633491,21.0202956,"greengrocer","A shop selling fruit and vegetables"
"347","5760476553",2528,"Frutas y Verduras San Cristobal",-101.2566567,21.0162731,"greengrocer","A shop selling fruit and vegetables"
"348","5774664684",2528,"Fruteria Y Abarrotes ""La Popular""",-99.5956993,27.5142972,"greengrocer","A shop selling fruit and vegetables"
"349","5780607763",2528,NA,-99.1970658,19.430781,"greengrocer","A shop selling fruit and vegetables"
"350","5810983266",2528,NA,-99.668038,19.2543276,"greengrocer","A shop selling fruit and vegetables"
"351","5828350505",2528,NA,-96.4641018,15.7445203,"greengrocer","A shop selling fruit and vegetables"
"352","5828350507",2528,NA,-96.4634122,15.7429788,"greengrocer","A shop selling fruit and vegetables"
"353","5834840687",2528,"Frutería",-88.1855116,20.6913151,"greengrocer","A shop selling fruit and vegetables"
"354","5849626795",2528,"Frutas y legumbres El amigo José",-89.2008579,20.8646118,"greengrocer","A shop selling fruit and vegetables"
"355","5859806929",2528,"Frutería La Merced",-103.7300865,19.2877799,"greengrocer","A shop selling fruit and vegetables"
"356","5861421794",2528,NA,-117.0261314,32.5283249,"greengrocer","A shop selling fruit and vegetables"
"357","5869717785",2528,NA,-88.5883877,20.6991855,"greengrocer","A shop selling fruit and vegetables"
"358","5881888414",2528,"Frutas y Verduras jugos naturales",-99.2185493,19.6386233,"greengrocer","A shop selling fruit and vegetables"
"359","5881888416",2528,"El Güero",-99.2180804,19.6387458,"greengrocer","A shop selling fruit and vegetables"
